광역단체,기초단체,영화상영관명,총 스크린수,총 좌석수,필름 상영관수,2D 상영관수,3D 상영관수,4D 상영관수,IMAX 상영관수,전송사업자명
충청남도,아산시,CGV 아산,6,636,0,6,1,0,0,CJ올리브네트웍스(주)
부산시,영도구,CGV 드라이브 인 영도,1,142,0,1,0,0,0,CJ올리브네트웍스(주)
서울시,광진구,CGV 건대입구,5,754,0,5,2,0,0,CJ올리브네트웍스(주)
충청남도,천안시,롯데시네마 천안불당,6,658,0,6,2,0,0,롯데컬처웍스(주)롯데시네마
대구시,동구,롯데시네마 대구율하,6,"1,394",0,6,3,0,0,롯데컬처웍스(주)롯데시네마
서울시,광진구,롯데시네마 건대입구,10,"2,138",0,11,5,0,0,롯데컬처웍스(주)롯데시네마
제주도,제주시,롯데시네마 제주아라,6,592,0,6,2,0,0,롯데컬처웍스(주)롯데시네마
제주도,제주시,롯데시네마 제주연동,6,755,0,6,2,0,0,롯데컬처웍스(주)롯데시네마
경상남도,양산시,롯데시네마 양산물금,5,454,0,5,1,0,0,롯데컬처웍스(주)롯데시네마
경상남도,김해시,롯데시네마 김해아울렛,6,"1,023",0,6,2,0,0,롯데컬처웍스(주)롯데시네마
경상남도,사천시,롯데시네마 사천,6,629,0,6,1,0,0,롯데컬처웍스(주)롯데시네마
경상남도,통영시,롯데시네마 통영,7,858,0,7,2,0,0,롯데컬처웍스(주)롯데시네마
경상남도,진주시,롯데시네마 엠비씨네(진주),9,943,0,9,3,0,0,롯데컬처웍스(주)롯데시네마
경상남도,창원시 성산구,롯데시네마 창원,7,"1,319",0,7,4,0,0,롯데컬처웍스(주)롯데시네마
경상북도,상주시,롯데시네마 상주,4,471,0,4,0,0,0,롯데컬처웍스(주)롯데시네마
경상북도,영천시,롯데시네마 영천,6,612,0,6,2,0,0,롯데컬처웍스(주)롯데시네마
경상북도,구미시,롯데시네마 구미공단,8,"1,204",0,8,2,0,0,롯데컬처웍스(주)롯데시네마
경상북도,구미시,롯데시네마 프리미엄구미센트럴,7,513,0,7,0,0,0,롯데컬처웍스(주)롯데시네마
경상북도,안동시,롯데시네마 프리미엄 안동,5,343,0,5,1,0,0,롯데컬처웍스(주)롯데시네마
경상남도,김해시,CGV 김해,9,"1,531",0,9,4,1,0,CJ올리브네트웍스(주)
경상북도,경주시,롯데시네마 경주,2,279,0,2,1,0,0,롯데컬처웍스(주)롯데시네마
경상북도,포항시,롯데시네마 포항,8,712,0,8,0,0,0,롯데컬처웍스(주)롯데시네마
전라북도,전주시,CGV 전주고사,8,"1,275",0,8,4,1,0,CJ올리브네트웍스(주)
전라북도,군산시,롯데시네마 군산나운,7,"1,085",0,7,2,0,0,롯데컬처웍스(주)롯데시네마
전라북도,전주시,롯데시네마 전주(백화점),8,"1,632",0,8,4,0,0,롯데컬처웍스(주)롯데시네마
충청남도,당진군,롯데시네마 당진,7,704,0,7,2,0,0,롯데컬처웍스(주)롯데시네마
충청남도,서산시,롯데시네마 서산,7,945,0,7,3,0,0,롯데컬처웍스(주)롯데시네마
충청북도,충주시,롯데시네마 충주,5,746,0,5,1,0,0,롯데컬처웍스(주)롯데시네마
충청북도,청주시,롯데시네마 청주용암,8,"1,282",0,8,2,0,0,롯데컬처웍스(주)롯데시네마
서울시,영등포구,롯데시네마 영등포,7,"1,328",0,7,4,0,0,롯데컬처웍스(주)롯데시네마
강원도,동해시,롯데시네마 동해,5,719,0,5,1,0,0,롯데컬처웍스(주)롯데시네마
강원도,원주시,롯데시네마 남원주,7,687,0,7,1,0,0,롯데컬처웍스(주)롯데시네마
강원도,춘천시,롯데시네마 춘천,6,448,0,6,0,0,0,롯데컬처웍스(주)롯데시네마
경기도,화성시,롯데시네마 향남,5,680,0,5,2,0,0,롯데컬처웍스(주)롯데시네마
경기도,화성시,롯데시네마 동탄,6,"1,117",0,6,2,0,0,롯데컬처웍스(주)롯데시네마
경기도,안성시,롯데시네마 안성,2,164,0,2,0,0,0,롯데컬처웍스(주)롯데시네마
경기도,파주시,롯데시네마 파주운정,7,"1,238",0,7,2,0,0,롯데컬처웍스(주)롯데시네마
경기도,용인시,롯데시네마 용인역북,7,"1,002",0,7,2,0,0,롯데컬처웍스(주)롯데시네마
경기도,용인시,롯데시네마 수지,8,"1,331",0,8,4,0,0,롯데컬처웍스(주)롯데시네마
경기도,하남시,롯데시네마 하남미사,8,890,0,8,1,0,0,롯데컬처웍스(주)롯데시네마
경기도,시흥시,롯데시네마 시흥장현,5,652,0,5,2,0,0,롯데컬처웍스(주)롯데시네마
경기도,시흥시,롯데시네마 시화,8,524,0,8,0,0,0,롯데컬처웍스(주)롯데시네마
경기도,남양주시,롯데시네마 마석,2,172,0,2,1,0,0,롯데컬처웍스(주)롯데시네마
경기도,남양주시,롯데시네마 별내,5,775,0,5,2,0,0,롯데컬처웍스(주)롯데시네마
경기도,구리시,롯데시네마 구리아울렛,7,"1,115",0,7,2,0,0,롯데컬처웍스(주)롯데시네마
경기도,고양시,롯데시네마 주엽,6,474,0,9,0,0,0,롯데컬처웍스(주)롯데시네마
충청북도,청주시,CGV 청주(서문),10,"1,821",0,10,3,0,0,CJ올리브네트웍스(주)
강원도,원주시,CGV 원주,10,"1,947",0,11,3,0,0,CJ올리브네트웍스(주)
강원도,춘천시,CGV 춘천,12,"1,714",0,14,5,0,1,CJ올리브네트웍스(주)
경기도,고양시,롯데시네마 라페스타(일산),8,745,0,8,0,0,0,롯데컬처웍스(주)롯데시네마
경기도,안산시,롯데시네마 안산(롯데마트)_Charlotte관,1,32,0,1,0,0,0,롯데컬처웍스(주)롯데시네마
경기도,안산시,롯데시네마 안산,7,"1,575",0,7,3,0,0,롯데컬처웍스(주)롯데시네마
경기도,안산시,롯데시네마 안산고잔,7,"1,788",0,7,2,0,0,롯데컬처웍스(주)롯데시네마
경기도,안산시,롯데시네마 센트럴락(안산),9,"1,429",0,9,3,0,0,롯데컬처웍스(주)롯데시네마
경기도,평택시,롯데시네마 송탄,5,932,0,5,2,0,0,롯데컬처웍스(주)롯데시네마
경기도,광명시,롯데시네마 광명,6,"1,042",0,6,2,0,0,롯데컬처웍스(주)롯데시네마
경기도,부천시,롯데시네마 부천역,9,806,0,9,1,0,0,롯데컬처웍스(주)롯데시네마
경상남도,진주시,메가박스 진주중안,9,907,0,9,1,0,0,메가박스(주)
경상남도,양산시,메가박스 양산,6,528,0,6,2,0,0,메가박스(주)
경상남도,사천시,메가박스 삼천포,3,90,0,3,3,0,0,메가박스(주)
경상남도,창원시 성산구,메가박스 창원,7,"1,104",0,7,0,0,0,메가박스(주)
경상남도,창원시 마산회원구,메가박스 창원내서,5,497,0,5,0,0,0,메가박스(주)
경상남도,창원시 마산합포구,메가박스 마산,6,"1,043",0,6,0,0,0,메가박스(주)
경상북도,예천군,메가박스 경북도청,6,471,0,6,1,0,0,메가박스(주)
경기도,부천시,CGV 부천역,8,"1,119",0,8,1,0,0,CJ올리브네트웍스(주)
경상북도,경산시,메가박스 경산하양,5,573,0,5,1,0,0,메가박스(주)
경상북도,문경시,메가박스 문경,3,259,0,3,0,0,0,메가박스(주)
경상북도,구미시,메가박스 구미강동,6,976,0,6,2,0,0,메가박스(주)
경상북도,경주시,메가박스 경주,3,359,0,3,0,0,0,메가박스(주)
경상북도,포항시,메가박스 포항,7,868,0,7,0,0,0,메가박스(주)
경상북도,포항시,메가박스 남포항,6,663,0,6,1,0,0,메가박스(주)
경기도,안양시,롯데시네마 안양(안양역),7,"1,114",0,7,3,0,0,롯데컬처웍스(주)롯데시네마
경기도,안양시,롯데시네마 인덕원,6,916,0,6,0,0,0,롯데컬처웍스(주)롯데시네마
경기도,안양시,CGV 평촌,10,"1,391",0,10,3,0,0,CJ올리브네트웍스(주)
경기도,안양시,롯데시네마 평촌(범계역)_Charlotte관,1,30,0,1,0,0,0,롯데컬처웍스(주)롯데시네마
경기도,안양시,롯데시네마 평촌(범계역),7,"1,492",0,7,4,1,0,롯데컬처웍스(주)롯데시네마
경기도,성남시,CGV 판교,7,"1,282",0,7,4,1,1,CJ올리브네트웍스(주)
경기도,성남시,롯데시네마 판교,7,"1,087",0,7,2,0,0,롯데컬처웍스(주)롯데시네마
경기도,성남시,롯데시네마 성남중앙,9,"1,234",0,9,4,0,0,롯데컬처웍스(주)롯데시네마
경기도,수원시,롯데시네마 북수원,5,640,0,5,2,0,0,롯데컬처웍스(주)롯데시네마
경기도,수원시,롯데시네마 광교아울렛,6,889,0,6,2,0,0,롯데컬처웍스(주)롯데시네마
광주시,서구,CGV 광주상무,13,"2,527",0,14,1,0,0,CJ올리브네트웍스(주)
경기도,수원시,롯데시네마 수원,8,"1,895",0,8,3,1,0,롯데컬처웍스(주)롯데시네마
경기도,수원시,롯데시네마 서수원,6,791,0,6,2,0,0,롯데컬처웍스(주)롯데시네마
울산시,남구,롯데시네마 울산(백화점),9,"1,480",0,9,4,1,0,롯데컬처웍스(주)롯데시네마
인천시,계양구,CGV 계양,8,"1,257",0,8,5,1,0,CJ올리브네트웍스(주)
울산시,중구,롯데시네마 울산성남,7,"1,123",0,7,2,0,0,롯데컬처웍스(주)롯데시네마
대전시,서구,롯데시네마 대전관저,7,"1,067",0,7,2,0,0,롯데컬처웍스(주)롯데시네마
대전시,서구,롯데시네마 대전(백화점),8,"1,144",0,8,2,0,0,롯데컬처웍스(주)롯데시네마
전라남도,순천시,메가박스 순천,7,920,0,7,7,0,0,메가박스(주)
전라북도,전주시,메가박스 전주혁신,7,732,0,7,1,0,0,메가박스(주)
전라남도,여수시,메가박스 여수웅천,8,"1,138",0,8,1,0,0,메가박스(주)
전라북도,전주시,메가박스 전주송천,8,"1,058",0,8,6,0,0,메가박스(주)
광주시,광산구,롯데시네마 수완,7,"1,397",0,7,4,1,0,롯데컬처웍스(주)롯데시네마
광주시,광산구,롯데시네마 광주광산,8,733,0,8,1,0,0,롯데컬처웍스(주)롯데시네마
광주시,동구,롯데시네마 충장로,9,693,0,9,8,0,0,롯데컬처웍스(주)롯데시네마
서울시,강서구,롯데시네마 가양,6,444,0,6,0,0,0,롯데컬처웍스(주)롯데시네마
인천시,부평구,롯데시네마 부평갈산,7,"1,034",0,7,2,0,0,롯데컬처웍스(주)롯데시네마
충청남도,공주시,메가박스 공주,7,802,0,7,3,0,0,메가박스(주)
충청남도,천안시,메가박스 천안,9,"1,306",0,9,0,0,0,메가박스(주)
강원도,원주시,메가박스 원주센트럴,9,767,0,9,1,0,0,메가박스(주)
강원도,춘천시,메가박스 춘천석사,6,987,0,6,0,0,0,메가박스(주)
경기도,양주시,메가박스 양주,4,338,0,4,2,0,0,메가박스(주)
경기도,화성시,메가박스 동탄,8,716,0,8,2,0,0,메가박스(주)
경기도,김포시,메가박스 김포한강신도시,5,712,0,5,1,0,0,메가박스(주)
경기도,파주시,메가박스 파주출판도시,9,"1,653",0,9,1,0,0,메가박스(주)
경기도,파주시,메가박스 파주운정,7,882,0,7,2,0,0,메가박스(주)
대구시,북구,CGV 대구,8,"1,528",0,6,0,1,1,CJ올리브네트웍스(주)
경기도,용인시,메가박스 용인기흥,6,254,0,6,0,0,0,메가박스(주)
경기도,하남시,메가박스 하남스타필드,11,"1,523",0,11,2,0,0,메가박스(주)
서울시,성동구,메가박스 성수,7,"1,041",0,7,0,0,0,메가박스(주)
경기도,하남시,메가박스 미사강변,5,250,0,5,0,0,0,메가박스(주)
경기도,군포시,메가박스 금정AK플라자,7,613,0,7,0,0,0,메가박스(주)
경기도,남양주시,메가박스 남양주현대아울렛 스페이스원,8,"1,215",0,8,2,0,0,메가박스(주)
경기도,고양시,메가박스 킨텍스,8,"1,720",0,8,0,0,0,메가박스(주)
경기도,고양시,메가박스 고양스타필드,9,"1,214",0,9,0,0,0,메가박스(주)
경기도,안산시,메가박스 안산중앙,6,371,0,6,0,0,0,메가박스(주)
경기도,부천시,메가박스 부천스타필드시티,5,829,0,5,0,0,0,메가박스(주)
경기도,의정부시,메가박스 의정부민락,6,"1,098",0,6,2,0,0,메가박스(주)
인천시,부평구,롯데시네마 부평역사,9,"1,290",0,9,2,0,0,롯데컬처웍스(주)롯데시네마
인천시,남구,롯데시네마 인천터미널,4,538,0,4,1,0,0,롯데컬처웍스(주)롯데시네마
대구시,달성군,롯데시네마 대구현풍,6,734,0,6,1,0,0,롯데컬처웍스(주)롯데시네마
부산시,부산진구,CGV 서면상상마당,6,660,0,6,0,0,0,CJ올리브네트웍스(주)
경기도,수원시,메가박스 영통,11,"1,819",0,11,2,0,0,메가박스(주)
경기도,수원시,메가박스 수원호매실,5,459,0,5,0,0,0,메가박스(주)
세종시,연기군,메가박스 세종(조치원),5,749,0,5,2,0,0,메가박스(주)
세종시,연기군,메가박스 세종청사,6,682,0,6,0,0,0,메가박스(주)
세종시,연기군,메가박스 세종나성,5,759,0,5,0,0,0,메가박스(주)
울산시,중구,메가박스 울산,8,"1,141",0,8,1,0,0,메가박스(주)
대구시,중구,롯데시네마 프리미엄 만경,9,663,0,9,0,0,0,롯데컬처웍스(주)롯데시네마
부산시,금정구,롯데시네마 오투(부산대),7,"1,049",0,7,2,0,0,롯데컬처웍스(주)롯데시네마
부산시,해운대구,롯데시네마 프리미엄 해운대(장산역),10,827,0,10,3,0,0,롯데컬처웍스(주)롯데시네마
부산시,동래구,롯데시네마 동래,9,"1,581",0,9,4,0,0,롯데컬처웍스(주)롯데시네마
부산시,부산진구,롯데시네마 서면(전포동),6,"1,232",0,7,3,0,0,롯데컬처웍스(주)롯데시네마
부산시,부산진구,롯데시네마 부산본점,11,"2,062",0,11,5,0,0,롯데컬처웍스(주)롯데시네마
부산시,중구,롯데시네마 광복,10,"2,369",0,10,4,1,0,롯데컬처웍스(주)롯데시네마
부산시,중구,롯데시네마 대영,6,982,0,6,2,0,0,롯데컬처웍스(주)롯데시네마
서울시,강동구,롯데시네마 강동,10,"1,846",0,10,1,0,0,롯데컬처웍스(주)롯데시네마
서울시,송파구,롯데시네마 월드타워_샤롯데,3,72,0,3,1,0,0,롯데컬처웍스(주)롯데시네마
서울시,송파구,롯데시네마 월드타워,18,"4,204",0,18,6,1,0,롯데컬처웍스(주)롯데시네마
서울시,관악구,롯데시네마 신림,8,"1,494",0,8,5,0,0,롯데컬처웍스(주)롯데시네마
서울시,관악구,롯데시네마 서울대입구,5,687,0,5,0,0,0,롯데컬처웍스(주)롯데시네마
서울시,금천구,롯데시네마 가산디지털,6,"1,054",0,6,2,1,0,롯데컬처웍스(주)롯데시네마
서울시,강서구,롯데시네마 김포공항,9,"2,095",0,9,6,1,0,롯데컬처웍스(주)롯데시네마
전라북도,전주시,메가박스 전주객사,10,850,0,10,0,0,0,메가박스(주)
서울시,마포구,롯데시네마 합정,4,733,0,4,2,0,0,롯데컬처웍스(주)롯데시네마
서울시,은평구,롯데시네마 은평(롯데몰),8,"1,336",0,8,4,0,0,롯데컬처웍스(주)롯데시네마
서울시,노원구,롯데시네마 노원,10,"1,855",0,10,5,1,0,롯데컬처웍스(주)롯데시네마
부산시,부산진구,CGV 서면,13,"2,480",3,13,7,1,1,CJ올리브네트웍스(주)
서울시,강북구,롯데시네마 수유,6,852,0,6,1,0,0,롯데컬처웍스(주)롯데시네마
서울시,광진구,롯데시네마 건대입구_샤롯데,1,32,0,1,0,0,0,롯데컬처웍스(주)롯데시네마
서울시,강남구,CINE de CHEF 압구정,2,76,0,2,2,0,0,CJ올리브네트웍스(주)
서울시,용산구,롯데시네마 용산,8,"1,468",0,8,2,0,0,롯데컬처웍스(주)롯데시네마
서울시,중구,롯데시네마 에비뉴엘(명동)_샤롯데,1,34,0,1,0,0,0,롯데컬처웍스(주)롯데시네마
서울시,중구,롯데시네마 에비뉴엘(명동),4,676,0,4,2,0,0,롯데컬처웍스(주)롯데시네마
서울시,영등포구,CGV 여의도,9,"1,133",0,9,9,1,0,CJ올리브네트웍스(주)
대전시,유성구,메가박스 대전현대아울렛,7,"1,177",0,7,0,0,0,메가박스(주)
대전시,유성구,메가박스 대전신세계 아트앤사이언스,7,976,0,7,0,0,0,메가박스(주)
대전시,유성구,메가박스 대전유성,5,923,0,5,2,0,0,메가박스(주)
대전시,서구,메가박스 대전,8,"1,333",0,8,3,0,0,메가박스(주)
대전시,중구,메가박스 대전중앙로,8,"1,124",0,8,0,0,0,메가박스(주)
서울시,노원구,CGV 하계,4,898,0,4,3,0,0,CJ올리브네트웍스(주)
서울시,도봉구,CGV 방학,7,870,0,7,1,1,0,CJ올리브네트웍스(주)
광주시,광산구,메가박스 광주하남,10,918,0,10,2,0,0,메가박스(주)
광주시,광산구,메가박스 첨단,9,"1,157",0,9,2,0,0,메가박스(주)
광주시,북구,메가박스 전대(광주),7,958,0,7,2,0,0,메가박스(주)
광주시,서구,메가박스 광주상무,10,837,0,10,0,0,0,메가박스(주)
인천시,서구,메가박스 청라지젤,7,784,0,7,1,0,0,메가박스(주)
인천시,서구,메가박스 검단,5,771,0,5,1,0,0,메가박스(주)
인천시,남동구,메가박스 인천논현,8,"1,189",0,8,0,0,0,메가박스(주)
인천시,연수구,메가박스 송도,8,"1,542",0,8,2,0,0,메가박스(주)
대구시,북구,메가박스 북대구(칠곡),6,826,0,6,2,0,0,메가박스(주)
대구시,동구,메가박스 대구이시아,7,630,0,7,1,0,0,메가박스(주)
대구시,동구,메가박스 대구신세계,6,901,0,6,2,0,0,메가박스(주)
부산시,사상구,메가박스 사상,7,"1,319",0,7,5,0,0,메가박스(주)
서울시,강남구,메가박스 코엑스,20,"3,539",0,20,3,0,0,메가박스(주)
서울시,서초구,메가박스 센트럴,5,680,0,5,1,0,0,메가박스(주)
서울시,서초구,메가박스 강남,7,973,0,7,2,0,0,메가박스(주)
서울시,양천구,메가박스 더 부티크 목동현대백화점,8,883,0,8,2,0,0,메가박스(주)
서울시,강서구,메가박스 화곡,5,851,0,5,0,0,0,메가박스(주)
대구시,달서구,CGV 대구죽전,7,852,0,7,2,1,0,CJ올리브네트웍스(주)
경기도,수원시,CGV 북수원,8,"1,268",0,10,4,0,0,CJ올리브네트웍스(주)
서울시,마포구,메가박스 홍대,5,726,0,5,0,0,0,메가박스(주)
서울시,도봉구,메가박스 창동,5,680,0,5,0,0,0,메가박스(주)
인천시,남동구,CGV 인천논현,5,477,0,5,2,0,0,CJ올리브네트웍스(주)
경상남도,양산시,메가박스 양산증산,7,777,0,7,0,0,0,메가박스(주)
경기도,고양시,메가박스 백석벨라시타,5,749,0,5,1,0,0,메가박스(주)
경상북도,영양군,영양 작은영화관,1,93,0,1,0,0,0,(주)디트릭스
경상북도,의성군,의성작은영화관,2,94,0,2,1,0,0,(주)디트릭스
전라남도,영광군,영광 작은영화관,2,109,0,2,1,0,0,(주)디트릭스
전라남도,보성군,보성 작은영화관,2,92,0,2,2,0,0,(주)유유코리아
전라북도,부안군,마실영화관,2,99,0,2,0,0,0,(주)유유코리아
강원도,평창군,HAPPY700 평창시네마,2,99,0,2,1,0,0,(주)디트릭스
전라북도,전주시,전주시네마타운,4,662,0,6,0,0,0,문화인
충청북도,음성군,설성시네마,2,92,0,2,0,0,0,(주)디트릭스
강원도,고성군,달홀영화관,2,93,0,2,0,0,0,(주)디트릭스
부산시,해운대구,메가박스 해운대(장산),7,652,0,7,2,0,0,메가박스(주)
경상북도,포항시,CGV 북포항,8,822,0,8,2,0,0,CJ올리브네트웍스(주)
인천시,연수구,CGV 연수역,10,"1,796",0,10,2,0,0,CJ올리브네트웍스(주)
전라남도,곡성군,곡성극장,2,95,0,2,1,0,0,(주)유유코리아
전라남도,담양군,OLC담양담빛시네마,2,99,0,2,0,0,0,(주)유유코리아
충청북도,청주시,메가박스 청주사창,4,380,0,4,0,0,0,메가박스(주)
경상남도,하동군,씨네큐 하동,1,152,0,1,1,0,0,(주)씨네큐
경기도,광명시,광명철산 극장,3,164,0,6,0,0,0,(주)유유코리아
강원도,강릉시,강릉독립예술극장 신영,1,111,1,1,0,0,0,(주)에스아이티랩
울산시,울주군,알프스시네마,2,301,0,2,2,0,0,문화인
서울시,마포구,KT&G 상상마당 Cinema,1,76,1,1,0,0,0,(주)디트릭스
서울시,마포구,롯데시네마 홍대입구,5,916,0,6,4,0,0,롯데컬처웍스(주)롯데시네마
대구시,동구,씨네Q 대구이시아,7,516,0,7,3,0,0,(주)씨네큐
서울시,종로구,낭만극장,1,286,0,1,0,0,0,(주)디트릭스
충청남도,서산시,CGV 서산,8,820,0,8,2,0,0,CJ올리브네트웍스(주)
강원도,인제군,CGV 기린,2,95,0,2,1,0,0,CJ올리브네트웍스(주)
경기도,화성시,CGV 동탄,8,"1,402",0,8,5,0,0,CJ올리브네트웍스(주)
경기도,남양주시,메가박스 남양주,8,738,0,8,3,0,0,메가박스(주)
경상남도,양산시,영화공장,1,108,0,1,0,0,0,(주)대한에스엠
경기도,용인시,CGV DRIVE IN 용인크랙사이드,1,200,0,1,0,0,0,CJ올리브네트웍스(주)
경상남도,진주시,CGV 진주혁신,7,724,0,7,1,0,0,CJ올리브네트웍스(주)
서울시,서대문구,메가박스 신촌,8,"1,694",0,8,1,0,0,메가박스(주)
인천시,남구,CGV 인천시민공원,5,373,0,5,5,0,0,CJ올리브네트웍스(주)
경기도,안성시,메가박스 안성스타필드,7,"1,256",0,7,1,0,0,메가박스(주)
경기도,광명시,메가박스 광명소하,6,800,0,6,0,0,0,메가박스(주)
경기도,광명시,메가박스 광명AK플라자,6,795,0,6,0,0,0,메가박스(주)
부산시,금정구,메가박스 부산대,7,"1,065",0,7,1,0,0,메가박스(주)
서울시,중구,메가박스 동대문,8,"1,744",0,8,0,0,0,메가박스(주)
경기도,성남시,메가박스 분당,6,785,0,6,3,0,0,메가박스(주)
서울시,송파구,CGV 송파,7,"1,138",0,8,5,1,0,CJ올리브네트웍스(주)
인천시,서구,씨네큐 청라,7,506,0,7,1,0,0,(주)씨네큐
충청남도,천안시,CGV 천안터미널,13,"2,540",0,13,4,1,0,CJ올리브네트웍스(주)
서울시,강서구,CGV 등촌,6,934,0,8,4,0,0,CJ올리브네트웍스(주)
충청북도,옥천군,옥천 향수시네마,2,95,0,2,1,0,0,(주)디트릭스
경기도,군포시,CGV 산본,6,621,0,6,1,0,0,CJ올리브네트웍스(주)
광주시,광산구,CGV 광주하남,7,"1,376",0,7,3,0,0,CJ올리브네트웍스(주)
충청남도,천안시,롯데시네마 천안청당,6,639,0,6,0,0,0,롯데컬처웍스(주)롯데시네마
경상북도,성주군,별고을시네마,2,98,0,2,1,0,0,(주)디트릭스
경기도,파주시,자유로자동차극장,2,150,0,2,0,0,0,(주)디트릭스
경기도,수원시,메가박스 수원남문,4,248,0,4,1,0,0,메가박스(주)
전라남도,영암군,영암 기찬시네마,2,93,0,2,1,0,0,(주)유유코리아
전라북도,익산시,CGV 익산,7,"1,123",0,9,4,0,0,CJ올리브네트웍스(주)
경기도,부천시,CGV 부천옥길,6,634,0,6,1,0,0,CJ올리브네트웍스(주)
경기도,화성시,화성시 작은영화관,2,150,0,2,0,0,0,문화인
서울시,용산구,CGV 용산아이파크몰,22,"5,362",0,22,7,1,1,CJ올리브네트웍스(주)
인천시,연수구,CGV 송도타임스페이스,7,694,0,7,1,0,0,CJ올리브네트웍스(주)
경기도,시흥시,CGV 정왕,5,448,0,5,0,0,0,CJ올리브네트웍스(주)
충청북도,영동군,영동 레인보우 영화관,2,97,0,2,1,0,0,문화인
부산시,기장군,오시리아 자동차야외극장,1,199,0,1,0,0,0,문화인
전라북도,임실군,임실한마당 작은별영화관,2,94,0,2,1,0,0,문화인
경기도,남양주시,CGV 다산,10,862,0,10,0,0,0,CJ올리브네트웍스(주)
경기도,안산시,CGV 안산,9,"1,858",0,9,2,1,0,CJ올리브네트웍스(주)
경기도,안산시,명화극장,1,199,0,1,0,0,0,(주)디트릭스
서울시,중구,청춘극장,1,260,0,1,0,0,0,(주)디트릭스
서울시,종로구,허리우드클래식,1,300,1,1,0,0,0,(주)디트릭스
경기도,고양시,케이트리호텔 X 모노플렉스,1,16,0,1,0,0,0,(주)디트릭스
서울시,중구,CGV 명동역 씨네라이브러리,5,694,2,5,2,0,0,CJ올리브네트웍스(주)
충청남도,논산시,메가박스 논산,5,452,0,5,1,0,0,메가박스(주)
서울시,강남구,CGV 압구정,6,898,3,6,4,0,0,CJ올리브네트웍스(주)
경기도,성남시,CGV 오리,10,"1,570",1,10,5,0,0,CJ올리브네트웍스(주)
세종시,연기군,초이자동차극장,1,45,0,1,0,0,0,문화인
충청남도,천안시,인디플러스 천안,1,50,0,1,0,0,0,(주)디트릭스
제주도,제주시,제주자동차극장,1,50,0,1,0,0,0,문화인
경기도,용인시,한국민속촌 자동차극장,2,230,0,2,0,0,0,(주)디트릭스
서울시,구로구,CGV 구로,8,"1,232",1,10,6,0,0,CJ올리브네트웍스(주)
서울시,양천구,메가박스 목동,9,"1,584",0,9,2,0,0,메가박스(주)
충청북도,괴산군,괴산자연드림파크 괴산극장,3,234,0,3,1,0,0,(주)유유코리아
인천시,남동구,CGV 인천,14,"2,788",0,14,8,1,1,CJ올리브네트웍스(주)
경상남도,고성군,CGV 고성,2,116,0,2,1,0,0,CJ올리브네트웍스(주)
대구시,중구,CGV 대구아카데미,8,"1,374",0,8,0,0,0,CJ올리브네트웍스(주)
서울시,영등포구,CGV 영등포,12,"2,714",0,12,5,1,0,CJ올리브네트웍스(주)
전라남도,해남군,해남시네마,2,136,0,2,1,0,0,(주)디트릭스
경기도,포천시,포천 클라우드시네마,2,98,0,2,1,0,0,(주)디트릭스
경상북도,울진군,울진 작은영화관,1,87,0,1,1,0,0,(주)디트릭스
경상남도,남해군,보물섬시네마,1,212,0,1,1,0,0,(주)디트릭스
경상남도,산청군,산청군 작은영화관,2,98,0,2,1,0,0,(주)디트릭스
인천시,강화군,강화작은영화관,1,89,0,1,1,0,0,(주)디트릭스
충청남도,아산시,큐브시네마,1,150,0,1,0,0,0,(주)디트릭스
강원도,양구군,양구 정중앙 시네마,2,201,0,2,0,0,0,(주)디트릭스
서울시,마포구,메가박스 상암월드컵경기장,9,"1,540",0,9,0,0,0,메가박스(주)
대전시,동구,대전아트시네마,1,138,1,1,0,0,0,(주)에스아이티랩
제주도,제주시,롯데시네마 제주삼화지구,5,372,0,5,1,0,0,롯데컬처웍스(주)롯데시네마
부산시,해운대구,롯데시네마 센텀시티(백화점),9,"1,712",0,9,5,0,0,롯데컬처웍스(주)롯데시네마
경기도,평택시,CGV 평택,8,"1,324",0,8,5,1,0,CJ올리브네트웍스(주)
서울시,서대문구,CGV 신촌아트레온,10,"1,561",0,10,5,1,0,CJ올리브네트웍스(주)
서울시,광진구,CGV 강변,12,"1,666",1,12,5,1,0,CJ올리브네트웍스(주)
충청남도,금산군,금산시네마,2,150,0,2,1,0,0,(주)디트릭스
충청남도,부여군,금성시네마,2,108,0,2,1,0,0,(주)디트릭스
경상북도,고령군,대가야시네마,2,99,0,2,1,0,0,(주)디트릭스
경상북도,김천시,메가박스 김천,4,642,0,4,3,0,0,메가박스(주)
충청북도,제천시,CGV 제천,6,642,0,6,0,0,0,CJ올리브네트웍스(주)
전라남도,목포시,메가박스 목포하당,7,996,0,7,1,0,0,메가박스(주)
충청북도,진천군,메가박스 진천,4,372,0,4,0,0,0,메가박스(주)
인천시,동구,인천미림극장,1,253,1,1,0,0,0,(주)디트릭스
경기도,평택시,롯데시네마 평택비전(뉴코아),5,333,0,5,0,0,0,롯데컬처웍스(주)롯데시네마
서울시,노원구,롯데시네마 수락산,5,634,0,5,0,0,0,롯데컬처웍스(주)롯데시네마
경기도,광명시,CGV 광명역,5,374,0,5,1,0,0,CJ올리브네트웍스(주)
경상북도,경주시,롯데시네마 경주황성,6,848,0,6,1,0,0,롯데컬처웍스(주)롯데시네마
전라북도,전주시,롯데시네마 전주송천,7,686,0,7,1,0,0,롯데컬처웍스(주)롯데시네마
경기도,오산시,롯데시네마 오산(원동),5,375,0,6,1,0,0,롯데컬처웍스(주)롯데시네마
강원도,춘천시,메가박스 남춘천,7,"1,134",0,7,0,0,0,메가박스(주)
경기도,파주시,메가박스 파주금촌,7,921,0,7,1,0,0,메가박스(주)
전라남도,순천시,CGV 순천신대,9,"1,449",0,9,1,0,0,CJ올리브네트웍스(주)
전라북도,정읍시,CGV 정읍,4,553,0,4,1,0,0,CJ올리브네트웍스(주)
경기도,용인시,메가박스 용인테크노밸리,6,611,0,6,0,0,0,메가박스(주)
경기도,시흥시,메가박스 시흥배곧,6,"1,227",0,6,2,0,0,메가박스(주)
경기도,동두천시,문화극장 1관,1,218,0,2,1,0,0,(주)유유코리아
전라남도,함평군,함평자동차극장,2,180,0,2,0,0,0,문화인
경기도,고양시,메가박스 일산,8,950,0,8,2,0,0,메가박스(주)
경기도,화성시,안영채 X 모노플렉스,1,40,0,1,0,0,0,(주)디트릭스
부산시,중구,메가박스 부산극장,9,"1,372",0,9,2,0,0,메가박스(주)
서울시,동작구,메가박스 이수,6,888,0,6,1,0,0,메가박스(주)
충청북도,청주시,CGV 청주터미널,8,676,0,8,0,0,0,CJ올리브네트웍스(주)
서울시,서대문구,필름포럼,2,142,0,2,0,0,0,(주)디트릭스
경상남도,밀양시,밀양시네마,2,292,0,2,0,0,0,(주)디트릭스
대구시,중구,CGV 대구현대,6,710,0,6,3,0,0,CJ올리브네트웍스(주)
강원도,철원군,철원작은영화관 뚜루,3,228,0,3,2,0,0,(주)디트릭스
서울시,구로구,롯데시네마 신도림,5,560,0,5,2,0,0,롯데컬처웍스(주)롯데시네마
서울시,중구,서울아트시네마,1,230,1,1,0,0,0,(주)에스아이티랩
경기도,부천시,판타스틱 큐브,1,70,0,1,0,0,0,(주)디트릭스
광주시,동구,광주극장,1,856,1,1,0,0,0,(주)디트릭스
서울시,구로구,씨네큐 신도림,10,"1,115",0,10,2,0,0,(주)씨네큐
서울시,서대문구,라이카시네마,1,39,0,1,0,0,0,(주)디트릭스
충청북도,충주시,메가박스 충주,4,578,0,10,3,0,0,메가박스(주)
서울시,마포구,인디스페이스,1,186,0,1,0,0,0,(주)에스아이티랩
서울시,성북구,아리랑시네센터(서울),3,472,0,3,2,0,0,(주)디트릭스
경기도,동두천시,동광극장(구 문화극장3관),1,283,1,1,0,0,0,(주)유유코리아
경기도,동두천시,문화극장 2관,1,74,0,1,0,0,0,(주)유유코리아
인천시,중구,애관극장(인천),5,809,0,5,0,0,0,(주)디트릭스
경상북도,영주시,예당시네마,1,95,0,1,0,0,0,(주)디트릭스
서울시,광진구,KU시네마테크,1,152,1,1,0,0,0,(주)디트릭스
경기도,가평군,조종시네마,2,99,0,2,0,0,0,(주)유유코리아
경상남도,함안군,함안군 작은영화관,2,98,0,2,1,0,0,(주)유유코리아
전라남도,화순군,화순시네마,2,124,0,2,1,0,0,(주)유유코리아
인천시,부평구,인천대한극장,2,245,0,2,1,0,0,문화인
서울시,중구,대한극장(서울),12,"2,812",0,11,3,0,0,(주)유유코리아
강원도,인제군,CGV 원통,1,92,0,1,1,0,0,CJ올리브네트웍스(주)
충청남도,보령시,명보시네마,3,236,0,3,0,0,0,(주)유유코리아
강원도,영월군,영월시네마,2,149,0,2,1,0,0,(주)디트릭스
대전시,중구,대전독립영화전용관 씨네인디U,1,72,0,1,0,0,0,(주)디트릭스
전라남도,구례군,구례자연드림시네마,2,140,0,2,2,0,0,(주)유유코리아
전라북도,무주군,무주 산골 영화관,2,98,0,2,1,0,0,문화인
경기도,용인시,CGV 동백,8,"1,144",0,8,3,0,0,CJ올리브네트웍스(주)
인천시,남구,영화공간주안,4,496,0,4,0,0,0,(주)디트릭스
전라북도,전주시,조이아트시네마,1,94,0,1,0,0,0,문화인
전라북도,전주시,조이앤시네마 전주점,5,760,0,5,1,0,0,문화인
전라남도,고흥군,고흥 작은영화관,2,142,0,2,0,0,0,문화인
서울시,강남구,이봄씨어터,1,59,0,1,0,0,0,(주)디트릭스
광주시,서구,CGV 광주터미널,13,"3,166",1,15,4,1,1,CJ올리브네트웍스(주)
경상북도,울진군,엠시네마 자동차극장,1,52,0,1,0,0,0,문화인
전라북도,김제시,지평선시네마,2,99,0,2,1,0,0,문화인
서울시,강남구,CGV 청담씨네시티,6,670,0,6,6,1,0,CJ올리브네트웍스(주)
부산시,해운대구,영화의 전당,6,"4,560",5,6,2,0,0,(재) 영화의전당
충청남도,부여군,스타박스,2,166,0,2,1,0,0,(주)디트릭스
경상남도,합천군,합천시네마,2,99,0,2,1,0,0,(주)디트릭스
전라남도,완도군,완도 빙그레 시네마,2,98,0,2,1,0,0,(주)디트릭스
경기도,가평군,1939시네마,2,136,0,2,1,0,0,(주)디트릭스
전라북도,진안군,마이골 작은영화관,2,98,0,2,1,0,0,문화인
전라북도,순창군,천재의 공간 영화산책,2,149,0,2,1,0,0,문화인
전라북도,고창군,동리시네마,2,93,0,2,1,0,0,문화인
경기도,부천시,CGV 소풍,11,"1,773",1,11,2,0,1,CJ올리브네트웍스(주)
충청남도,서천군,서천군 기벌포영화관,2,154,0,2,1,0,0,문화인
광주시,북구,광주자동차극장,2,320,0,2,1,0,0,(주)디트릭스
울산시,동구,CGV 울산동구,6,412,0,6,0,0,0,CJ올리브네트웍스(주)
전라남도,순천시,루프탑시네마 모다순천,1,47,0,1,0,0,0,(주)유유코리아
전라남도,진도군,진도아리랑 시네마,2,98,0,2,1,0,0,작은영화관 사회적협동조합
강원도,횡성군,횡성시네마,2,136,0,2,1,0,0,작은영화관 사회적협동조합
전라북도,완주군,완주 휴 시네마,2,90,0,2,1,0,0,문화인
경기도,평택시,CGV 평택고덕,8,516,0,8,1,0,0,CJ올리브네트웍스(주)
서울시,종로구,CGV 대학로,10,"1,973",0,8,3,0,0,CJ올리브네트웍스(주)
부산시,해운대구,롯데시네마 센텀시티(백화점)_샤롯데,1,30,0,1,1,0,0,롯데컬처웍스(주)롯데시네마
전라북도,남원시,NH시네마,3,257,0,3,1,0,0,(주)디트릭스
부산시,강서구,CGV 부산명지,6,431,0,6,0,0,0,CJ올리브네트웍스(주)
경기도,성남시,롯데시네마 위례,7,"1,001",0,7,2,0,0,롯데컬처웍스(주)롯데시네마
경상남도,김해시,롯데시네마 김해부원,7,"1,121",0,7,2,0,0,롯데컬처웍스(주)롯데시네마
충청북도,청주시,롯데시네마 서청주(아울렛),6,"1,286",0,6,3,1,0,롯데컬처웍스(주)롯데시네마
부산시,중구,롯데시네마 광복_샤롯데,1,40,0,1,1,0,0,롯데컬처웍스(주)롯데시네마
서울시,중랑구,메가박스 상봉,7,924,0,7,1,0,0,메가박스(주)
경기도,광명시,롯데시네마 광명아울렛,7,"1,216",0,7,2,0,0,롯데컬처웍스(주)롯데시네마
인천시,부평구,롯데시네마 부평,9,"1,523",0,9,4,0,0,롯데컬처웍스(주)롯데시네마
경기도,군포시,롯데시네마 산본피트인,7,980,0,7,2,0,0,롯데컬처웍스(주)롯데시네마
서울시,종로구,CGV 피카디리1958,6,885,0,8,2,0,0,CJ올리브네트웍스(주)
충청남도,예산군,예산시네마,2,99,0,2,1,0,0,작은영화관 사회적협동조합
전라북도,전주시,CGV 전주에코시티,6,806,0,6,0,0,0,CJ올리브네트웍스(주)
경기도,수원시,메가박스 수원,5,"1,129",0,5,1,0,0,메가박스(주)
경기도,광주시,CGV DRIVE IN 곤지암,1,260,0,1,0,0,0,CJ올리브네트웍스(주)
서울시,서초구,CGV Salon 서초,1,26,0,1,0,0,0,CJ올리브네트웍스(주)
충청남도,천안시,천안인생극장,1,170,1,1,0,0,0,(주)디트릭스
경기도,용인시,CGV 기흥,6,744,0,6,0,0,0,CJ올리브네트웍스(주)
대구시,북구,CGV 대구연경,6,556,0,6,0,0,0,CJ올리브네트웍스(주)
부산시,부산진구,CGV 서면삼정타워,8,"1,244",0,8,1,0,0,CJ올리브네트웍스(주)
경상남도,김해시,CGV 김해율하,4,262,0,4,0,0,0,CJ올리브네트웍스(주)
부산시,해운대구,CGV 해운대,6,437,0,6,3,0,0,CJ올리브네트웍스(주)
경기도,화성시,롯데시네마 동탄_샤롯데,1,40,0,1,0,0,0,롯데컬처웍스(주)롯데시네마
서울시,서대문구,아트하우스모모,2,276,2,2,1,0,0,(주)디트릭스
서울시,성북구,CGV 성신여대입구,5,768,0,5,0,0,0,CJ올리브네트웍스(주)
충청남도,천안시,CGV 천안시청,8,964,0,8,1,0,0,CJ올리브네트웍스(주)
서울시,마포구,CGV 연남,6,734,0,6,1,1,0,CJ올리브네트웍스(주)
경기도,부천시,CGV 역곡,6,451,0,6,2,0,0,CJ올리브네트웍스(주)
경기도,안양시,CGV 범계,6,490,0,6,1,0,0,CJ올리브네트웍스(주)
경상북도,영천시,영천공설시장 별빛영화관,1,76,0,1,0,0,0,(주)씨네큐
인천시,연수구,CGV DRIVE IN 스퀘어원,1,200,0,1,0,0,0,CJ올리브네트웍스(주)
부산시,강서구,롯데시네마 부산명지,7,810,0,7,1,0,0,롯데컬처웍스(주)롯데시네마
인천시,남구,CGV 인천도화,6,536,0,6,0,0,0,CJ올리브네트웍스(주)
부산시,북구,메가박스 덕천,9,690,0,9,1,0,0,메가박스(주)
강원도,삼척시,삼척 가람영화관,3,268,0,3,2,0,0,(주)디트릭스
강원도,강릉시,CGV 강릉,9,"1,619",0,10,3,0,0,CJ올리브네트웍스(주)
인천시,연수구,CGV 인천연수,7,"1,543",0,7,2,0,0,CJ올리브네트웍스(주)
강원도,속초시,롯데시네마 속초,5,516,0,5,1,0,0,롯데컬처웍스(주)롯데시네마
충청북도,보은군,씨네Q 보은,2,91,0,2,1,0,0,(주)씨네큐
부산시,북구,CGV 화명,7,756,0,7,2,0,0,CJ올리브네트웍스(주)
서울시,강동구,CGV 천호,6,"1,240",0,6,4,0,1,CJ올리브네트웍스(주)
서울시,중구,CGV 명동,5,736,0,5,4,0,0,CJ올리브네트웍스(주)
서울시,중구,CGV 동대문,6,676,0,6,3,0,0,CJ올리브네트웍스(주)
서울시,강북구,CGV 수유,9,972,0,9,0,0,0,CJ올리브네트웍스(주)
서울시,강북구,CGV 미아,6,692,0,6,3,0,0,CJ올리브네트웍스(주)
부산시,남구,CGV 대연,8,"1,171",0,8,4,0,0,CJ올리브네트웍스(주)
광주시,동구,CGV 광주금남로,9,955,0,9,2,0,0,CJ올리브네트웍스(주)
부산시,해운대구,CGV 센텀시티,8,"2,062",0,8,4,1,0,CJ올리브네트웍스(주)
서울시,중랑구,CGV 상봉,7,"1,167",0,7,3,1,0,CJ올리브네트웍스(주)
경기도,김포시,CGV 김포,6,806,0,6,0,0,0,CJ올리브네트웍스(주)
서울시,용산구,CINE de CHEF 용산아이파크몰,2,114,0,4,2,0,0,CJ올리브네트웍스(주)
경기도,고양시,메가박스 백석,7,"1,222",0,8,3,0,0,메가박스(주)
경기도,화성시,CGV 동탄역,7,"1,026",0,7,2,1,0,CJ올리브네트웍스(주)
전라남도,장흥군,정남진시네마,2,99,0,2,1,0,0,(주)유유코리아
경상북도,영주시,롯데시네마 영주,6,909,0,6,2,0,0,롯데컬처웍스(주)롯데시네마
충청남도,천안시,씨네큐 천안불당,4,317,0,4,0,0,0,(주)씨네큐
전라남도,광양시,CGV 광양엘에프스퀘어,7,"1,204",0,7,2,0,0,CJ올리브네트웍스(주)
충청북도,충주시,CGV 충주교현,6,463,0,6,1,0,0,CJ올리브네트웍스(주)
경상북도,경산시,CGV 경산,7,561,0,7,0,0,0,CJ올리브네트웍스(주)
강원도,인제군,CGV 인제,3,513,0,3,0,0,0,CJ올리브네트웍스(주)
경기도,수원시,CGV 광교,7,"1,528",0,7,2,1,1,CJ올리브네트웍스(주)
광주시,광산구,CGV 광주첨단,9,"1,219",0,12,3,1,0,CJ올리브네트웍스(주)
대구시,달서구,CGV 대구월성,7,"1,247",0,7,3,0,0,CJ올리브네트웍스(주)
충청북도,청주시,CGV 청주성안길,8,904,0,8,0,0,0,CJ올리브네트웍스(주)
충청북도,청주시,CGV 청주지웰시티,8,"1,675",0,8,3,1,0,CJ올리브네트웍스(주)
충청남도,홍성군,CGV 홍성,6,869,0,6,2,0,0,CJ올리브네트웍스(주)
충청남도,천안시,CGV 천안펜타포트,11,"1,422",0,11,5,1,0,CJ올리브네트웍스(주)
충청남도,천안시,CGV 천안,8,"1,017",0,8,4,0,0,CJ올리브네트웍스(주)
충청남도,논산시,CGV 논산,5,660,0,5,1,0,0,CJ올리브네트웍스(주)
제주도,제주시,CGV 제주노형,6,857,0,6,2,0,0,CJ올리브네트웍스(주)
제주도,제주시,CGV 제주,8,842,0,8,3,1,0,CJ올리브네트웍스(주)
전라북도,전주시,CGV 전주효자,7,"1,795",0,7,4,0,1,CJ올리브네트웍스(주)
전라북도,전주시,CGV서전주,5,720,0,5,2,0,0,CJ올리브네트웍스(주)
전라남도,목포시,CGV 목포,7,"2,343",0,8,1,0,0,CJ올리브네트웍스(주)
전라남도,나주시,CGV 나주,6,665,0,6,0,0,0,CJ올리브네트웍스(주)
전라남도,광양시,CGV 광양,4,670,0,4,2,0,0,CJ올리브네트웍스(주)
인천시,서구,CGV 청라,7,"1,073",0,7,1,0,0,CJ올리브네트웍스(주)
서울시,중랑구,롯데시네마 중랑,8,973,0,8,1,0,0,롯데컬처웍스(주)롯데시네마
강원도,원주시,롯데시네마 원주무실,8,"1,079",0,8,2,0,0,롯데컬처웍스(주)롯데시네마
인천시,남구,CGV 주안역,9,"1,004",0,9,4,0,0,CJ올리브네트웍스(주)
인천시,남구,CGV 인천학익,6,"1,012",0,6,1,0,0,CJ올리브네트웍스(주)
울산시,북구,CGV 울산진장,7,"1,066",0,7,3,0,0,CJ올리브네트웍스(주)
울산시,북구,CGV 울산신천,4,363,0,4,2,0,0,CJ올리브네트웍스(주)
울산시,남구,CGV 울산삼산,11,"2,487",0,11,7,1,1,CJ올리브네트웍스(주)
대구시,달서구,롯데시네마 상인,7,"1,276",0,7,2,0,0,롯데컬처웍스(주)롯데시네마
서울시,성동구,CGV 왕십리,10,"1,770",0,10,9,1,1,CJ올리브네트웍스(주)
서울시,노원구,CGV 중계,7,"1,090",0,7,3,1,0,CJ올리브네트웍스(주)
부산시,해운대구,CINE de CHEF 센텀,2,90,0,2,2,0,0,CJ올리브네트웍스(주)
서울시,강남구,CGV 강남,7,974,0,7,4,0,0,CJ올리브네트웍스(주)
부산시,연제구,CGV 아시아드,8,"1,383",0,8,4,1,0,CJ올리브네트웍스(주)
부산시,사하구,CGV 하단아트몰링,7,888,0,7,1,0,0,CJ올리브네트웍스(주)
부산시,동래구,CGV 동래,9,"1,385",0,9,3,0,0,CJ올리브네트웍스(주)
대전시,중구,CGV 대전,9,"1,880",1,9,7,1,1,CJ올리브네트웍스(주)
대전시,서구,CGV 대전가수원,5,"1,016",0,5,1,0,0,CJ올리브네트웍스(주)
대전시,동구,CGV 대전터미널,7,"1,464",0,8,2,1,0,CJ올리브네트웍스(주)
대구시,중구,CGV 대구한일,6,"1,085",0,6,2,0,0,CJ올리브네트웍스(주)
대구시,수성구,CGV 대구스타디움,10,"1,458",0,10,6,1,0,CJ올리브네트웍스(주)
대구시,북구,CGV 대구칠곡,7,"1,099",0,7,2,0,0,CJ올리브네트웍스(주)
광주시,동구,CGV 광주충장로,5,719,0,5,0,0,0,CJ올리브네트웍스(주)
경상남도,창원시 의창구,CGV 창원더시티,6,"1,178",0,6,2,0,1,CJ올리브네트웍스(주)
경상남도,창원시 의창구,CGV 창원,6,"1,105",0,6,2,1,0,CJ올리브네트웍스(주)
경상남도,창원시 성산구,CGV 창원상남,5,593,0,5,1,0,0,CJ올리브네트웍스(주)
경상남도,양산시,CGV 양산삼호,3,411,0,3,0,0,0,CJ올리브네트웍스(주)
경상남도,거제시,CGV 거제,7,"1,223",0,7,1,0,0,CJ올리브네트웍스(주)
경기도,화성시,CGV 동탄호수공원,6,640,0,6,3,0,0,CJ올리브네트웍스(주)
대전시,서구,롯데시네마 대전센트럴,7,859,0,7,3,0,0,롯데컬처웍스(주)롯데시네마
서울시,강남구,롯데시네마 도곡,7,847,0,7,2,0,0,롯데컬처웍스(주)롯데시네마
경기도,하남시,CGV 스타필드시티위례,6,881,0,6,2,0,0,CJ올리브네트웍스(주)
경기도,포천시,CGV 포천,5,415,0,5,1,0,0,CJ올리브네트웍스(주)
경기도,파주시,CGV 파주야당,5,414,0,5,1,0,0,CJ올리브네트웍스(주)
경기도,이천시,CGV 이천,10,"1,143",0,10,4,0,0,CJ올리브네트웍스(주)
경기도,의정부시,CGV 의정부,8,"1,523",0,10,4,0,1,CJ올리브네트웍스(주)
경기도,오산시,CGV 오산중앙,8,552,0,8,1,0,0,CJ올리브네트웍스(주)
경기도,양주시,CGV 양주옥정,7,724,0,7,3,0,0,CJ올리브네트웍스(주)
경기도,시흥시,CGV 배곧,6,853,0,6,1,0,0,CJ올리브네트웍스(주)
경기도,시흥시,CGV 시흥,4,462,0,4,2,0,0,CJ올리브네트웍스(주)
경기도,수원시,CGV 수원,8,"2,189",0,8,5,1,1,CJ올리브네트웍스(주)
경기도,수원시,CGV 동수원,8,"1,251",0,8,4,1,0,CJ올리브네트웍스(주)
경기도,성남시,CGV 야탑,8,"1,326",0,8,5,0,0,CJ올리브네트웍스(주)
경기도,김포시,CGV 김포한강,4,478,0,4,1,0,0,CJ올리브네트웍스(주)
경기도,고양시,CGV 일산,9,"1,704",0,9,6,1,1,CJ올리브네트웍스(주)
경기도,고양시,CGV 고양행신,6,658,0,6,1,0,0,CJ올리브네트웍스(주)
경상북도,칠곡군,칠곡호이영화관(씨네Q),2,94,0,2,1,0,0,(주)씨네큐
경상북도,안동시,안동중앙시네마,1,144,0,1,0,0,0,(주)디트릭스
강원도,양양군,양양 작은영화관,2,94,0,2,1,0,0,(주)디트릭스
충청남도,태안군,태안시네마,2,99,0,2,1,0,0,문화인
경기도,의정부시,CGV 의정부태흥,10,"1,528",0,10,2,0,0,CJ올리브네트웍스(주)
서울시,강남구,메가박스 강남대로(씨티),4,719,0,4,2,0,0,메가박스(주)
경기도,하남시,CGV 하남미사,7,875,0,7,0,0,0,CJ올리브네트웍스(주)
경기도,파주시,헤이리시네마,1,30,0,1,0,0,0,(주)디트릭스
서울시,종로구,에무 시네마 앤 카페,2,102,0,2,0,0,0,(주)디트릭스
서울시,노원구,더숲 아트시네마,2,82,0,2,0,0,0,(주)디트릭스
충청남도,홍성군,메가박스 홍성내포,5,657,0,5,1,0,0,메가박스(주)
강원도,속초시,메가박스 속초,5,585,0,5,2,0,0,메가박스(주)
경상남도,김해시,CGV 김해장유,6,968,0,6,1,0,0,CJ올리브네트웍스(주)
경상북도,구미시,CGV 구미,10,"1,346",0,10,4,0,0,CJ올리브네트웍스(주)
경상북도,안동시,CGV 안동,6,674,0,6,2,0,0,CJ올리브네트웍스(주)
경상북도,김천시,CGV 김천율곡,5,816,0,5,1,0,0,CJ올리브네트웍스(주)
경상남도,창원시 마산합포구,롯데시네마 프리미엄 경남대,6,348,0,6,2,0,0,롯데컬처웍스(주)롯데시네마
서울시,송파구,메가박스송파파크하비오,9,"1,007",0,9,1,0,0,메가박스(주)
경기도,화성시,롯데시네마 병점,8,"1,098",0,8,2,0,0,롯데컬처웍스(주)롯데시네마
경기도,부천시,롯데시네마 부천(신중동역),8,"1,297",0,8,3,0,0,롯데컬처웍스(주)롯데시네마
대전시,서구,롯데시네마 대전둔산(월평동),10,"1,669",0,10,3,0,0,롯데컬처웍스(주)롯데시네마
광주시,동구,롯데시네마 광주(백화점)_Charlotte관,1,30,0,1,0,0,0,롯데컬처웍스(주)롯데시네마
광주시,동구,롯데시네마 광주(백화점),5,994,0,5,3,0,0,롯데컬처웍스(주)롯데시네마
인천시,중구,롯데시네마 영종하늘도시,3,270,0,3,0,0,0,롯데컬처웍스(주)롯데시네마
대구시,북구,롯데시네마 프리미엄칠곡,6,484,0,6,3,0,0,롯데컬처웍스(주)롯데시네마
대구시,서구,롯데시네마 대구광장,7,"1,300",0,7,2,0,0,롯데컬처웍스(주)롯데시네마
대구시,중구,롯데시네마 동성로_Charlotte관,1,36,0,1,1,0,0,롯데컬처웍스(주)롯데시네마
전라남도,여수시,CGV 여수웅천,8,872,0,8,2,0,0,CJ올리브네트웍스(주)
부산시,기장군,롯데시네마 동부산(아울렛),6,"1,014",0,6,2,0,0,롯데컬처웍스(주)롯데시네마
전라북도,군산시,CGV 군산,5,975,0,5,2,0,0,CJ올리브네트웍스(주)
경상북도,포항시,인디플러스 포항,1,262,0,1,0,0,0,(주)디트릭스
충청남도,보령시,CGV 보령,5,763,0,5,1,0,0,CJ올리브네트웍스(주)
서울시,강남구,롯데시네마 브로드웨이(신사),6,570,0,6,2,0,0,롯데컬처웍스(주)롯데시네마
서울시,금천구,롯데시네마 독산,8,"1,606",0,8,3,0,0,롯데컬처웍스(주)롯데시네마
충청북도,청주시,CGV 청주율량,11,"1,535",0,11,3,0,0,CJ올리브네트웍스(주)
경기도,용인시,CGV 용인,8,671,0,8,3,0,0,CJ올리브네트웍스(주)
경기도,오산시,CGV 오산,6,363,0,6,2,0,0,CJ올리브네트웍스(주)
경기도,부천시,CGV 부천,8,"1,326",0,8,4,1,0,CJ올리브네트웍스(주)
세종시,연기군,CGV 세종,7,"1,094",0,7,3,0,0,CJ올리브네트웍스(주)
대전시,동구,CGV 대전가오,7,"1,163",0,7,3,0,0,CJ올리브네트웍스(주)
강원도,홍천군,홍천시네마,2,98,0,2,1,0,0,(주)디트릭스
서울시,은평구,CGV 불광,9,"1,620",0,9,3,0,0,CJ올리브네트웍스(주)
울산시,동구,현대예술관시네마,5,"1,822",2,5,0,0,0,현대중공업(주)
강원도,정선군,고한 시네마,2,113,0,2,1,0,0,(주)디트릭스
강원도,정선군,아리아리 정선시네마,2,101,0,2,1,0,0,(주)디트릭스
전라북도,전주시,전주디지털독립영화관,1,98,1,1,0,0,0,(주)디트릭스
충청남도,청양군,청양 시네마,2,98,0,2,1,0,0,(주)디트릭스
강원도,화천군,화천 작은영화관,3,322,0,3,1,0,0,(주)디트릭스
경상남도,거창군,롯데시네마 거창,2,410,0,2,0,0,0,롯데컬처웍스(주)롯데시네마
경상북도,구미시,씨네큐 구미봉곡,5,502,0,5,1,0,0,(주)씨네큐
경상북도,경주시,씨네큐 경주보문,6,767,0,6,2,0,0,(주)씨네큐
제주도,제주시,한림 작은영화관,2,98,0,2,0,0,0,(주)디트릭스
경상남도,창원시 마산회원구,롯데시네마 마산(합성동),7,590,0,7,1,0,0,롯데컬처웍스(주)롯데시네마
경기도,성남시,CGV 성남모란,6,714,0,6,0,0,0,CJ올리브네트웍스(주)
부산시,기장군,CGV 정관,9,654,0,9,1,0,0,CJ올리브네트웍스(주)
경기도,화성시,CGV 화성봉담,4,379,0,4,0,0,0,CJ올리브네트웍스(주)
인천시,부평구,CGV 부평,10,"1,552",0,10,2,0,0,CJ올리브네트웍스(주)
강원도,원주시,메가박스 원주,8,797,0,8,3,0,0,메가박스(주)
서울시,마포구,CGV 홍대,6,936,0,6,3,0,0,CJ올리브네트웍스(주)
대전시,서구,CGV 대전탄방,6,970,0,6,3,0,0,CJ올리브네트웍스(주)
서울시,종로구,씨네큐브광화문(서울),2,365,2,2,0,0,0,(주)디트릭스
충청북도,음성군,CGV 충북혁신,5,799,0,5,1,0,0,CJ올리브네트웍스(주)
경기도,용인시,CGV 광교상현,4,406,0,4,1,0,0,CJ올리브네트웍스(주)
서울시,동작구,아트나인,2,150,0,2,1,0,0,메가박스(주)
전라북도,익산시,롯데시네마 익산모현,7,"1,243",0,7,1,0,0,롯데컬처웍스(주)롯데시네마
충청남도,당진군,CGV 당진,7,"1,075",0,7,2,0,0,CJ올리브네트웍스(주)
전라남도,순천시,CGV 순천,8,"1,188",0,8,4,0,0,CJ올리브네트웍스(주)
전라남도,목포시,CGV 목포평화광장,8,"1,300",0,8,2,0,0,CJ올리브네트웍스(주)
대전시,유성구,CGV 유성노은,5,968,0,5,2,0,0,CJ올리브네트웍스(주)
광주시,북구,CGV 광주용봉,10,"1,465",0,10,2,0,0,CJ올리브네트웍스(주)
경상남도,창원시 마산회원구,CGV 마산,7,"1,178",0,7,4,0,0,CJ올리브네트웍스(주)
경기도,평택시,CGV 평택소사,6,750,0,6,3,0,0,CJ올리브네트웍스(주)
경기도,성남시,CGV 서현,4,455,0,4,2,0,0,CJ올리브네트웍스(주)
경기도,구리시,CGV 구리,7,"1,165",0,7,3,0,0,CJ올리브네트웍스(주)
광주시,동구,광주독립영화관,1,105,0,1,0,0,0,(주)디트릭스
경상남도,창원시 마산합포구,씨네아트 리좀,1,51,0,1,0,0,0,(주)디트릭스
충청북도,청원군,메가박스 오창,8,"1,013",0,8,2,0,0,메가박스(주)
인천시,중구,메가박스 영종,6,677,0,6,0,0,0,메가박스(주)
서울시,강서구,메가박스 마곡,6,815,0,6,0,0,0,메가박스(주)
부산시,기장군,메가박스 정관,6,578,0,6,1,0,0,메가박스(주)
경기도,남양주시,메가박스 별내,6,454,0,6,0,0,0,메가박스(주)
서울시,동대문구,롯데시네마 청량리,8,"1,737",0,8,4,1,0,롯데컬처웍스(주)롯데시네마
경상남도,창원시 진해구,롯데시네마 진해,6,952,0,6,2,0,0,롯데컬처웍스(주)롯데시네마
경상남도,진주시,롯데시네마 진주혁신,7,"1,268",0,7,2,0,0,롯데컬처웍스(주)롯데시네마
경기도,남양주시,롯데시네마 진접,3,328,0,3,2,0,0,롯데컬처웍스(주)롯데시네마
전라북도,전주시,롯데시네마 전주평화,6,"1,040",0,6,3,0,0,롯데컬처웍스(주)롯데시네마
인천시,서구,롯데시네마 인천아시아드,6,"1,155",0,6,2,0,0,롯데컬처웍스(주)롯데시네마
서울시,광진구,메가박스 군자,9,"1,127",0,9,0,0,0,메가박스(주)
경기도,의정부시,롯데시네마 의정부민락,7,902,0,7,2,0,0,롯데컬처웍스(주)롯데시네마
경기도,안양시,롯데시네마 안양일번가,8,858,0,8,2,0,0,롯데컬처웍스(주)롯데시네마
충청남도,아산시,롯데시네마 아산터미널,6,"1,020",0,6,2,0,0,롯데컬처웍스(주)롯데시네마
대구시,달서구,롯데시네마 성서,9,"1,644",0,9,6,0,0,롯데컬처웍스(주)롯데시네마
대구시,중구,롯데시네마 동성로,8,"1,376",0,8,4,0,0,롯데컬처웍스(주)롯데시네마
경기도,용인시,롯데시네마 용인기흥,7,"1,091",0,7,2,0,0,롯데컬처웍스(주)롯데시네마
전라북도,군산시,롯데시네마 군산몰,7,"1,014",0,7,2,0,0,롯데컬처웍스(주)롯데시네마
경기도,광주시,롯데시네마 광주터미널,3,231,0,3,2,0,0,롯데컬처웍스(주)롯데시네마
서울시,강동구,메가박스강동,10,"1,352",0,10,0,0,0,메가박스(주)
경기도,안성시,CGV 안성,8,"1,001",0,8,2,0,0,CJ올리브네트웍스(주)
서울시,강서구,롯데시네마 김포공항_샤롯데,1,32,0,1,1,0,0,롯데컬처웍스(주)롯데시네마
대구시,중구,대구독립영화전용관 오오극장,1,55,0,1,0,0,0,(주)디트릭스
제주도,서귀포시,롯데시네마 서귀포,6,649,0,7,2,0,0,롯데컬처웍스(주)롯데시네마
경기도,광주시,CGV 경기광주,8,"1,202",0,8,2,0,0,CJ올리브네트웍스(주)
대구시,수성구,CGV 대구수성,4,804,0,4,2,0,0,CJ올리브네트웍스(주)
경기도,고양시,CGV 화정,8,886,0,8,3,0,0,CJ올리브네트웍스(주)
경기도,파주시,CGV 파주문산,3,341,0,3,2,0,0,CJ올리브네트웍스(주)
경기도,김포시,CGV 김포운양,4,424,0,4,2,0,0,CJ올리브네트웍스(주)
